{
  "version": "0.1.0",
  "name": "counter",
  "instructions": [
    {
      "name": "initCounter",
      "accounts": [
        {
          "name": "counter",
          "isMut": true,
          "isSigner": false
        },
        {
          "name": "authority",
          "isMut": true,
          "isSigner": true
        },
        {
          "name": "systemProgram",
          "isMut": false,
          "isSigner": false
        }
      ],
      "args": [
        {
          "name": "bump",
          "type": "u8"
        }
      ]
    },
    {
      "name": "pointToWhitelist",
      "accounts": [
        {
          "name": "counter",
          "isMut": true,
          "isSigner": false
        },
        {
          "name": "pointerToWhitelistId",
          "isMut": false,
          "isSigner": false
        },
        {
          "name": "whitelisting",
          "isMut": true,
          "isSigner": true,
          "docs": [
            "CHECK : Error checkpoint: if not they say that is not initialised"
          ]
        },
        {
          "name": "authority",
          "isMut": true,
          "isSigner": true
        },
        {
          "name": "systemProgram",
          "isMut": false,
          "isSigner": false
        }
      ],
      "args": []
    },
    {
      "name": "addOrRemove",
      "accounts": [
        {
          "name": "counter",
          "isMut": true,
          "isSigner": false
        },
        {
          "name": "pdaId",
          "isMut": true,
          "isSigner": false,
          "docs": [
            "CHECK"
          ]
        },
        {
          "name": "whitelisting",
          "isMut": true,
          "isSigner": false,
          "docs": [
            "CHECK"
          ]
        },
        {
          "name": "updateId",
          "isMut": false,
          "isSigner": false
        },
        {
          "name": "authority",
          "isMut": true,
          "isSigner": true
        },
        {
          "name": "systemProgram",
          "isMut": false,
          "isSigner": false
        }
      ],
      "args": [
        {
          "name": "wallet",
          "type": "publicKey"
        },
        {
          "name": "remove",
          "type": "bool"
        }
      ]
    }
  ],
  "accounts": [
    {
      "name": "Counter",
      "type": {
        "kind": "struct",
        "fields": [
          {
            "name": "authority",
            "type": "publicKey"
          },
          {
            "name": "count",
            "type": "u64"
          },
          {
            "name": "bump",
            "type": "u8"
          },
          {
            "name": "program",
            "type": "publicKey"
          },
          {
            "name": "initialized",
            "type": "bool"
          }
        ]
      }
    }
  ],
  "metadata": {
    "address": "GjLX49S6c3rza6V5qaogDd14kzyPKCJdKK9GSJ5BzEEG"
  }
}