{
  "_keypair": {
    "publicKey": {
      "0": 220,
      "1": 55,
      "2": 216,
      "3": 118,
      "4": 9,
      "5": 189,
      "6": 103,
      "7": 228,
      "8": 81,
      "9": 227,
      "10": 30,
      "11": 169,
      "12": 31,
      "13": 182,
      "14": 41,
      "15": 76,
      "16": 235,
      "17": 116,
      "18": 40,
      "19": 159,
      "20": 37,
      "21": 156,
      "22": 1,
      "23": 34,
      "24": 202,
      "25": 190,
      "26": 62,
      "27": 171,
      "28": 84,
      "29": 47,
      "30": 110,
      "31": 120
    },
    "secretKey": {
      "0": 166,
      "1": 29,
      "2": 208,
      "3": 42,
      "4": 241,
      "5": 205,
      "6": 234,
      "7": 250,
      "8": 23,
      "9": 10,
      "10": 219,
      "11": 239,
      "12": 97,
      "13": 214,
      "14": 249,
      "15": 12,
      "16": 113,
      "17": 156,
      "18": 237,
      "19": 3,
      "20": 212,
      "21": 28,
      "22": 202,
      "23": 211,
      "24": 140,
      "25": 72,
      "26": 125,
      "27": 187,
      "28": 106,
      "29": 153,
      "30": 213,
      "31": 1,
      "32": 220,
      "33": 55,
      "34": 216,
      "35": 118,
      "36": 9,
      "37": 189,
      "38": 103,
      "39": 228,
      "40": 81,
      "41": 227,
      "42": 30,
      "43": 169,
      "44": 31,
      "45": 182,
      "46": 41,
      "47": 76,
      "48": 235,
      "49": 116,
      "50": 40,
      "51": 159,
      "52": 37,
      "53": 156,
      "54": 1,
      "55": 34,
      "56": 202,
      "57": 190,
      "58": 62,
      "59": 171,
      "60": 84,
      "61": 47,
      "62": 110,
      "63": 120
    }
  }
}
