{
  "version": "0.1.0",
  "name": "whitelist",
  "instructions": [
    {
      "name": "newWhitelist",
      "accounts": [
        {
          "name": "whitelist",
          "isMut": true,
          "isSigner": true
        },
        {
          "name": "admin",
          "isMut": true,
          "isSigner": true
        },
        {
          "name": "systemProgram",
          "isMut": false,
          "isSigner": false
        }
      ],
      "args": []
    },
    {
      "name": "addAddress",
      "accounts": [
        {
          "name": "whitelist",
          "isMut": true,
          "isSigner": false
        },
        {
          "name": "pdaId",
          "isMut": true,
          "isSigner": false
        },
        {
          "name": "authority",
          "isMut": true,
          "isSigner": true
        },
        {
          "name": "systemProgram",
          "isMut": false,
          "isSigner": false
        }
      ],
      "args": [
        {
          "name": "wallet",
          "type": "publicKey"
        }
      ]
    },
    {
      "name": "removeAddress",
      "accounts": [
        {
          "name": "whitelist",
          "isMut": true,
          "isSigner": false
        },
        {
          "name": "pdaId",
          "isMut": true,
          "isSigner": false
        },
        {
          "name": "authority",
          "isMut": true,
          "isSigner": true
        },
        {
          "name": "systemProgram",
          "isMut": false,
          "isSigner": false
        }
      ],
      "args": [
        {
          "name": "wallet",
          "type": "publicKey"
        }
      ]
    },
    {
      "name": "checkAddress",
      "accounts": [
        {
          "name": "whitelist",
          "isMut": false,
          "isSigner": false
        },
        {
          "name": "pdaId",
          "isMut": false,
          "isSigner": false
        }
      ],
      "args": [
        {
          "name": "wallet",
          "type": "publicKey"
        }
      ]
    }
  ],
  "accounts": [
    {
      "name": "Whitelist",
      "type": {
        "kind": "struct",
        "fields": [
          {
            "name": "authority",
            "type": "publicKey"
          }
        ]
      }
    },
    {
      "name": "Wallet",
      "type": {
        "kind": "struct",
        "fields": []
      }
    }
  ],
  "metadata": {
    "address": "DqC2s5btx6x1NKcXkM6Tpw7VnwYmrqbqYDCC16p2MjoN"
  }
}